V1,Q8_1,Q8_2,Q8_3,Q8_4,Q8_5,Q8_6,Q8_7,Q8_8,Q8_9,Q8_10,Q8_11,Q8_12,Q8_13,Q8_14,Q8_15,Q8_16,Q8_17,,,,,,,,,,,,,,,,,,,,,,,,,,,,,,,,,,,,,,,,,,,,,,,,,,,,,,,,,,,,,,,,,,,,,,,,,,,,,
ResponseID,I generally consider changes to be a negative thing.,I’ll take a routine day over a day full of unexpected events any time.,I like to do the same old things rather than try new and different ones.,"Whenever my life forms a stable routine, I look for ways to change it.",I’d rather be bored than surprised.,"If I were to be informed that there’s going to be a significant change regarding the way things are done at work, I would probably feel stressed","When I am informed of a change of plans, I tense up a bit.","When things don’t go according to plans, it stresses me out.","If my boss changed the criteria for evaluating employees, it would probably make me feel uncomfortable even if I thought I’d do just as well without having to do any extra work.",Changing plans seems like a real hassle to me.,"Often, I feel a bit uncomfortable even about changes that may potentially improve my life","When someone pressures me to change something, I tend to resist it even if I think the change may ultimately benefit me.",I sometimes find myself avoiding changes that I know will be good for me,I often change my mind.,I don’t change my mind easily.,"Once I have come to a conclusion, I’m not likely to change my mind.",My views are very consistent over time.,,,,,,,,,,,,,,,,,,,,,,,,,,,,,,,,,,,,,,,,,,,,,,,,,,,,,,,,,,,,,,,,,,,,,,,,,,,,,
R_3JK36cnKu1GgqKV,2,3,2,2,2,3,5,5,3,2,2,2,2,6,5,5,6,,,,,,,,,,,,,,,,,,,,,,,,,,,,,,,,,,,,,,,,,,,,,,,,,,,,,,,,,,,,,,,,,,,,,,,,,,,,,
R_9odepHyhc1joxAV,1,3,3,6,2,2,6,6,3,2,2,2,2,5,5,2,6,,,,,,,,,,,,,,,,,,,,,,,,,,,,,,,,,,,,,,,,,,,,,,,,,,,,,,,,,,,,,,,,,,,,,,,,,,,,,
R_1CqMwxgZh2MXsG7,1,1,1,2,2,5,5,6,3,1,3,3,5,2,2,2,4,,,,,,,,,,,,,,,,,,,,,,,,,,,,,,,,,,,,,,,,,,,,,,,,,,,,,,,,,,,,,,,,,,,,,,,,,,,,,
R_dhuJs36wk5Su2Pj,4,5,2,6,4,2,6,5,2,2,5,2,2,6,6,5,6,,,,,,,,,,,,,,,,,,,,,,,,,,,,,,,,,,,,,,,,,,,,,,,,,,,,,,,,,,,,,,,,,,,,,,,,,,,,,
R_es4fzluUrUz1sEZ,4,2,2,4,2,2,5,2,2,2,1,2,3,5,5,4,5,,,,,,,,,,,,,,,,,,,,,,,,,,,,,,,,,,,,,,,,,,,,,,,,,,,,,,,,,,,,,,,,,,,,,,,,,,,,,
R_cM7sTN1zHLc0B2l,2,5,3,4,2,5,5,6,5,5,5,4,5,3,3,6,6,,,,,,,,,,,,,,,,,,,,,,,,,,,,,,,,,,,,,,,,,,,,,,,,,,,,,,,,,,,,,,,,,,,,,,,,,,,,,
R_5zh0UCv5KQnWZK9,1,2,1,4,1,5,3,3,6,1,1,2,1,5,2,5,5,,,,,,,,,,,,,,,,,,,,,,,,,,,,,,,,,,,,,,,,,,,,,,,,,,,,,,,,,,,,,,,,,,,,,,,,,,,,,
R_cN5cg70dDYOLeDP,2,7,1,2,1,2,2,6,4,3,3,2,3,3,3,6,6,,,,,,,,,,,,,,,,,,,,,,,,,,,,,,,,,,,,,,,,,,,,,,,,,,,,,,,,,,,,,,,,,,,,,,,,,,,,,
R_57S3Jv4YG7F5NmB,1,2,1,2,4,2,2,3,2,2,1,1,2,5,4,3,6,,,,,,,,,,,,,,,,,,,,,,,,,,,,,,,,,,,,,,,,,,,,,,,,,,,,,,,,,,,,,,,,,,,,,,,,,,,,,
R_byBhk8WeDzsKDwV,2,5,2,2,2,2,4,5,3,1,2,2,2,5,3,6,7,,,,,,,,,,,,,,,,,,,,,,,,,,,,,,,,,,,,,,,,,,,,,,,,,,,,,,,,,,,,,,,,,,,,,,,,,,,,,
R_3PQNwqgK6YhT1bb,2,6,3,5,3,2,3,2,6,4,3,3,2,2,5,3,6,,,,,,,,,,,,,,,,,,,,,,,,,,,,,,,,,,,,,,,,,,,,,,,,,,,,,,,,,,,,,,,,,,,,,,,,,,,,,
R_3QQ7Zugdoly5SCR,2,3,1,3,1,5,5,3,5,4,3,2,2,2,2,3,5,,,,,,,,,,,,,,,,,,,,,,,,,,,,,,,,,,,,,,,,,,,,,,,,,,,,,,,,,,,,,,,,,,,,,,,,,,,,,
R_egvce26Zh7MNabr,2,2,2,5,2,2,2,6,2,3,2,2,2,5,5,6,5,,,,,,,,,,,,,,,,,,,,,,,,,,,,,,,,,,,,,,,,,,,,,,,,,,,,,,,,,,,,,,,,,,,,,,,,,,,,,
R_0USZpagbLCc7IPP,3,5,3,3,3,5,4,5,5,4,5,4,4,4,4,5,5,,,,,,,,,,,,,,,,,,,,,,,,,,,,,,,,,,,,,,,,,,,,,,,,,,,,,,,,,,,,,,,,,,,,,,,,,,,,,
R_9KQQUoGMXVqVClv,2,4,2,2,2,2,5,6,6,6,2,2,2,3,3,2,6,,,,,,,,,,,,,,,,,,,,,,,,,,,,,,,,,,,,,,,,,,,,,,,,,,,,,,,,,,,,,,,,,,,,,,,,,,,,,
R_0OgDBstVCfKmqmV,4,4,2,6,4,3,5,6,6,5,3,1,1,7,6,5,6,,,,,,,,,,,,,,,,,,,,,,,,,,,,,,,,,,,,,,,,,,,,,,,,,,,,,,,,,,,,,,,,,,,,,,,,,,,,,
R_2dEVSVeuCmSPkD1,3,3,3,4,4,3,5,5,5,5,5,4,4,5,5,5,5,,,,,,,,,,,,,,,,,,,,,,,,,,,,,,,,,,,,,,,,,,,,,,,,,,,,,,,,,,,,,,,,,,,,,,,,,,,,,
R_2TR7TWVYihVHD3Q,3,5,3,3,2,5,5,5,5,5,5,4,4,4,5,5,5,,,,,,,,,,,,,,,,,,,,,,,,,,,,,,,,,,,,,,,,,,,,,,,,,,,,,,,,,,,,,,,,,,,,,,,,,,,,,
R_1OxfCGDPk8DMDa4,2,2,2,2,2,2,2,2,2,2,3,3,6,5,5,3,2,,,,,,,,,,,,,,,,,,,,,,,,,,,,,,,,,,,,,,,,,,,,,,,,,,,,,,,,,,,,,,,,,,,,,,,,,,,,,
R_5iDIhGa8K1wpI8d,2,3,2,3,2,4,3,5,4,3,5,3,3,5,5,4,5,,,,,,,,,,,,,,,,,,,,,,,,,,,,,,,,,,,,,,,,,,,,,,,,,,,,,,,,,,,,,,,,,,,,,,,,,,,,,
R_cHKVCksx0OloEEB,2,3,4,5,3,6,5,6,6,5,3,3,3,5,4,5,5,,,,,,,,,,,,,,,,,,,,,,,,,,,,,,,,,,,,,,,,,,,,,,,,,,,,,,,,,,,,,,,,,,,,,,,,,,,,,
R_0rfTPgIRpokEkKh,3,2,2,3,2,3,3,2,2,2,3,2,2,5,5,4,4,,,,,,,,,,,,,,,,,,,,,,,,,,,,,,,,,,,,,,,,,,,,,,,,,,,,,,,,,,,,,,,,,,,,,,,,,,,,,
R_6XBbLmIhxsrDLAp,2,2,1,5,1,2,1,3,4,2,1,2,1,6,2,3,3,,,,,,,,,,,,,,,,,,,,,,,,,,,,,,,,,,,,,,,,,,,,,,,,,,,,,,,,,,,,,,,,,,,,,,,,,,,,,
R_4OPRD1g4zROMGEJ,1,3,2,3,5,5,5,6,4,2,1,2,2,2,5,3,5,,,,,,,,,,,,,,,,,,,,,,,,,,,,,,,,,,,,,,,,,,,,,,,,,,,,,,,,,,,,,,,,,,,,,,,,,,,,,
R_0jGNEyloritHs3z,1,3,4,5,1,1,1,6,4,2,1,3,1,5,6,5,6,,,,,,,,,,,,,,,,,,,,,,,,,,,,,,,,,,,,,,,,,,,,,,,,,,,,,,,,,,,,,,,,,,,,,,,,,,,,,
R_dok1oM7XNr3AZIV,3,5,4,3,4,5,4,6,5,5,3,3,3,3,4,3,4,,,,,,,,,,,,,,,,,,,,,,,,,,,,,,,,,,,,,,,,,,,,,,,,,,,,,,,,,,,,,,,,,,,,,,,,,,,,,
R_2ygrCbjczYdFxxO,3,2,5,5,3,2,5,4,3,4,5,3,5,4,6,3,5,,,,,,,,,,,,,,,,,,,,,,,,,,,,,,,,,,,,,,,,,,,,,,,,,,,,,,,,,,,,,,,,,,,,,,,,,,,,,
R_dfYN18dALTatjP7,2,4,3,6,2,3,2,3,4,3,5,2,4,6,6,3,5,,,,,,,,,,,,,,,,,,,,,,,,,,,,,,,,,,,,,,,,,,,,,,,,,,,,,,,,,,,,,,,,,,,,,,,,,,,,,
R_b9saMm10RnvE0Op,2,4,3,2,4,5,5,6,4,4,2,1,1,5,6,5,6,,,,,,,,,,,,,,,,,,,,,,,,,,,,,,,,,,,,,,,,,,,,,,,,,,,,,,,,,,,,,,,,,,,,,,,,,,,,,
R_25Y56UiuAzaDUup,2,3,2,2,2,2,2,3,5,3,2,1,2,6,5,5,5,,,,,,,,,,,,,,,,,,,,,,,,,,,,,,,,,,,,,,,,,,,,,,,,,,,,,,,,,,,,,,,,,,,,,,,,,,,,,
R_eDLNZz9ncBfQuQ5,2,4,2,3,1,2,5,3,4,3,5,5,6,5,3,5,4,,,,,,,,,,,,,,,,,,,,,,,,,,,,,,,,,,,,,,,,,,,,,,,,,,,,,,,,,,,,,,,,,,,,,,,,,,,,,
R_eaCQ6WCiZPKDORv,4,5,3,3,2,5,5,5,5,3,3,3,5,5,3,3,5,,,,,,,,,,,,,,,,,,,,,,,,,,,,,,,,,,,,,,,,,,,,,,,,,,,,,,,,,,,,,,,,,,,,,,,,,,,,,
R_3x77eUbTEqaxkJT,2,1,1,6,1,5,5,5,5,3,3,2,4,3,3,5,6,,,,,,,,,,,,,,,,,,,,,,,,,,,,,,,,,,,,,,,,,,,,,,,,,,,,,,,,,,,,,,,,,,,,,,,,,,,,,
R_3gVz8MNHoNeenS5,1,2,2,5,1,2,3,4,4,2,2,1,1,5,3,5,3,,,,,,,,,,,,,,,,,,,,,,,,,,,,,,,,,,,,,,,,,,,,,,,,,,,,,,,,,,,,,,,,,,,,,,,,,,,,,
R_etFBgAO3ba0CIAd,3,5,5,5,5,3,3,3,3,3,3,3,3,5,5,5,5,,,,,,,,,,,,,,,,,,,,,,,,,,,,,,,,,,,,,,,,,,,,,,,,,,,,,,,,,,,,,,,,,,,,,,,,,,,,,
R_40gxfLjwfeHwNMN,2,4,3,6,3,2,5,5,4,3,5,4,2,7,6,3,6,,,,,,,,,,,,,,,,,,,,,,,,,,,,,,,,,,,,,,,,,,,,,,,,,,,,,,,,,,,,,,,,,,,,,,,,,,,,,
R_2xFTKbsq0tmJcg4,2,2,2,5,1,3,2,5,3,3,1,5,1,3,2,2,6,,,,,,,,,,,,,,,,,,,,,,,,,,,,,,,,,,,,,,,,,,,,,,,,,,,,,,,,,,,,,,,,,,,,,,,,,,,,,
R_6rn1APRxssGN2O9,4,5,3,5,3,5,5,3,4,3,3,3,3,3,3,3,3,,,,,,,,,,,,,,,,,,,,,,,,,,,,,,,,,,,,,,,,,,,,,,,,,,,,,,,,,,,,,,,,,,,,,,,,,,,,,
R_8raDTwy7qoRrX3D,2,3,2,5,3,3,4,4,3,3,3,3,5,3,3,5,5,,,,,,,,,,,,,,,,,,,,,,,,,,,,,,,,,,,,,,,,,,,,,,,,,,,,,,,,,,,,,,,,,,,,,,,,,,,,,
R_2axZo11Hx70fm3j,1,1,1,2,1,1,1,2,2,2,1,1,1,5,3,2,7,,,,,,,,,,,,,,,,,,,,,,,,,,,,,,,,,,,,,,,,,,,,,,,,,,,,,,,,,,,,,,,,,,,,,,,,,,,,,
R_0rHCMYAFnxqmlZn,2,2,2,4,3,5,5,5,2,3,2,4,3,2,2,5,6,,,,,,,,,,,,,,,,,,,,,,,,,,,,,,,,,,,,,,,,,,,,,,,,,,,,,,,,,,,,,,,,,,,,,,,,,,,,,
R_3n1vNjq3T8wz1PE,4,5,3,3,4,4,2,2,3,1,1,4,2,4,4,4,5,,,,,,,,,,,,,,,,,,,,,,,,,,,,,,,,,,,,,,,,,,,,,,,,,,,,,,,,,,,,,,,,,,,,,,,,,,,,,
R_2OHWlDHf1tN1bsL,2,2,2,4,1,2,2,2,5,2,2,2,1,5,5,2,2,,,,,,,,,,,,,,,,,,,,,,,,,,,,,,,,,,,,,,,,,,,,,,,,,,,,,,,,,,,,,,,,,,,,,,,,,,,,,
R_9n6fmK9EXtNJlhb,2,3,4,4,3,4,4,4,3,4,3,4,3,4,3,4,5,,,,,,,,,,,,,,,,,,,,,,,,,,,,,,,,,,,,,,,,,,,,,,,,,,,,,,,,,,,,,,,,,,,,,,,,,,,,,
R_eDUyQ5fUfAG8Pwp,2,3,2,4,5,2,2,5,2,3,2,2,3,3,3,3,3,,,,,,,,,,,,,,,,,,,,,,,,,,,,,,,,,,,,,,,,,,,,,,,,,,,,,,,,,,,,,,,,,,,,,,,,,,,,,
R_553D4pJ2dClLU8t,3,4,2,3,3,3,4,5,4,3,2,2,2,4,4,5,6,,,,,,,,,,,,,,,,,,,,,,,,,,,,,,,,,,,,,,,,,,,,,,,,,,,,,,,,,,,,,,,,,,,,,,,,,,,,,
R_2aB0Fd7rKPxPxaZ,2,1,2,5,3,3,3,3,2,2,2,2,2,3,3,3,4,,,,,,,,,,,,,,,,,,,,,,,,,,,,,,,,,,,,,,,,,,,,,,,,,,,,,,,,,,,,,,,,,,,,,,,,,,,,,
R_9ZVfYRzRAF9DSbb,3,5,3,3,2,5,5,5,5,5,5,5,5,5,5,5,6,,,,,,,,,,,,,,,,,,,,,,,,,,,,,,,,,,,,,,,,,,,,,,,,,,,,,,,,,,,,,,,,,,,,,,,,,,,,,
R_DcrPhDqyqsXChix,1,2,1,6,1,4,4,1,2,1,1,2,2,5,3,3,3,,,,,,,,,,,,,,,,,,,,,,,,,,,,,,,,,,,,,,,,,,,,,,,,,,,,,,,,,,,,,,,,,,,,,,,,,,,,,
R_3oT19zGy7htGNf7,2,3,2,4,3,5,4,5,6,5,5,5,2,5,5,6,5,,,,,,,,,,,,,,,,,,,,,,,,,,,,,,,,,,,,,,,,,,,,,,,,,,,,,,,,,,,,,,,,,,,,,,,,,,,,,
R_2TTwkqo7cIz8G7y,1,1,1,2,1,1,1,5,1,1,1,1,1,3,2,6,4,,,,,,,,,,,,,,,,,,,,,,,,,,,,,,,,,,,,,,,,,,,,,,,,,,,,,,,,,,,,,,,,,,,,,,,,,,,,,
R_eQI1aIntjE9ulJH,3,2,1,2,4,5,5,5,5,4,2,2,2,6,5,4,3,,,,,,,,,,,,,,,,,,,,,,,,,,,,,,,,,,,,,,,,,,,,,,,,,,,,,,,,,,,,,,,,,,,,,,,,,,,,,
R_cx5bTyUbHHLAKIR,2,1,2,2,1,3,2,4,2,2,2,1,1,2,3,3,5,,,,,,,,,,,,,,,,,,,,,,,,,,,,,,,,,,,,,,,,,,,,,,,,,,,,,,,,,,,,,,,,,,,,,,,,,,,,,
R_2ZBKeMikZoIxgLR,1,5,2,4,4,2,2,5,5,2,2,2,4,4,4,5,4,,,,,,,,,,,,,,,,,,,,,,,,,,,,,,,,,,,,,,,,,,,,,,,,,,,,,,,,,,,,,,,,,,,,,,,,,,,,,
R_5o1mKsFBvFzrM8p,4,7,6,4,5,7,7,7,4,6,7,7,7,6,7,6,5,,,,,,,,,,,,,,,,,,,,,,,,,,,,,,,,,,,,,,,,,,,,,,,,,,,,,,,,,,,,,,,,,,,,,,,,,,,,,
R_3EKhwNmGg0zuJKX,4,3,3,3,2,3,4,5,2,3,2,5,2,5,3,6,4,,,,,,,,,,,,,,,,,,,,,,,,,,,,,,,,,,,,,,,,,,,,,,,,,,,,,,,,,,,,,,,,,,,,,,,,,,,,,
R_ewDRpt2hh75sw61,2,5,2,2,3,5,5,6,5,5,2,3,2,5,5,3,3,,,,,,,,,,,,,,,,,,,,,,,,,,,,,,,,,,,,,,,,,,,,,,,,,,,,,,,,,,,,,,,,,,,,,,,,,,,,,
R_8xnHbjwSblc5WQ9,2,2,2,3,2,2,5,3,2,3,2,2,2,6,6,6,6,,,,,,,,,,,,,,,,,,,,,,,,,,,,,,,,,,,,,,,,,,,,,,,,,,,,,,,,,,,,,,,,,,,,,,,,,,,,,
R_1IpmUjnjiEFkT5E,2,3,4,5,4,2,5,6,4,5,5,5,6,6,5,2,5,,,,,,,,,,,,,,,,,,,,,,,,,,,,,,,,,,,,,,,,,,,,,,,,,,,,,,,,,,,,,,,,,,,,,,,,,,,,,
R_6yhtps18SLiajv7,3,6,5,6,4,2,4,6,5,5,4,3,5,6,6,6,6,,,,,,,,,,,,,,,,,,,,,,,,,,,,,,,,,,,,,,,,,,,,,,,,,,,,,,,,,,,,,,,,,,,,,,,,,,,,,
R_3UbJoltXBOUe2jj,1,2,1,1,1,6,6,5,6,3,5,2,2,4,3,3,6,,,,,,,,,,,,,,,,,,,,,,,,,,,,,,,,,,,,,,,,,,,,,,,,,,,,,,,,,,,,,,,,,,,,,,,,,,,,,
R_bayLB3HtvCml8c5,2,4,2,3,4,3,3,2,2,4,2,2,2,4,4,4,4,,,,,,,,,,,,,,,,,,,,,,,,,,,,,,,,,,,,,,,,,,,,,,,,,,,,,,,,,,,,,,,,,,,,,,,,,,,,,
R_3lLEAMrvIvcUGNv,5,1,2,2,1,2,2,5,5,3,5,6,5,3,3,5,3,,,,,,,,,,,,,,,,,,,,,,,,,,,,,,,,,,,,,,,,,,,,,,,,,,,,,,,,,,,,,,,,,,,,,,,,,,,,,
R_2EE4O4qi8i0VPuq,2,2,1,2,1,2,2,3,2,2,2,1,1,4,2,2,5,,,,,,,,,,,,,,,,,,,,,,,,,,,,,,,,,,,,,,,,,,,,,,,,,,,,,,,,,,,,,,,,,,,,,,,,,,,,,
R_2y7t7OmARLGhnqH,1,6,2,2,1,2,3,3,2,2,2,1,1,6,6,3,5,,,,,,,,,,,,,,,,,,,,,,,,,,,,,,,,,,,,,,,,,,,,,,,,,,,,,,,,,,,,,,,,,,,,,,,,,,,,,
R_2SJ59ZCG53QNNS4,2,2,1,4,3,4,3,5,4,2,1,1,2,2,2,2,5,,,,,,,,,,,,,,,,,,,,,,,,,,,,,,,,,,,,,,,,,,,,,,,,,,,,,,,,,,,,,,,,,,,,,,,,,,,,,
R_12Kovk0EAqherQo,2,3,2,3,3,5,5,3,3,3,3,2,3,5,6,5,6,,,,,,,,,,,,,,,,,,,,,,,,,,,,,,,,,,,,,,,,,,,,,,,,,,,,,,,,,,,,,,,,,,,,,,,,,,,,,
R_egEPBsGVRufuUGV,2,2,2,2,2,2,2,5,3,2,2,2,2,2,2,2,6,,,,,,,,,,,,,,,,,,,,,,,,,,,,,,,,,,,,,,,,,,,,,,,,,,,,,,,,,,,,,,,,,,,,,,,,,,,,,
R_1Csa4z6OLpD2blp,3,4,4,4,4,5,3,5,5,4,5,3,4,3,3,5,5,,,,,,,,,,,,,,,,,,,,,,,,,,,,,,,,,,,,,,,,,,,,,,,,,,,,,,,,,,,,,,,,,,,,,,,,,,,,,
R_3sjDl33BN4HkKuM,4,2,4,6,2,6,5,5,4,5,6,7,6,6,6,6,5,,,,,,,,,,,,,,,,,,,,,,,,,,,,,,,,,,,,,,,,,,,,,,,,,,,,,,,,,,,,,,,,,,,,,,,,,,,,,
R_1gBc3uvafgowUaq,2,2,2,4,1,3,5,5,3,5,1,2,1,3,2,3,3,,,,,,,,,,,,,,,,,,,,,,,,,,,,,,,,,,,,,,,,,,,,,,,,,,,,,,,,,,,,,,,,,,,,,,,,,,,,,
R_x0mGMsVzgtWGKdP,2,2,1,2,1,7,4,5,2,3,3,2,2,3,3,4,6,,,,,,,,,,,,,,,,,,,,,,,,,,,,,,,,,,,,,,,,,,,,,,,,,,,,,,,,,,,,,,,,,,,,,,,,,,,,,
R_e5LhTA0KLySBPjD,2,2,4,3,4,5,5,6,4,2,5,2,2,3,3,3,6,,,,,,,,,,,,,,,,,,,,,,,,,,,,,,,,,,,,,,,,,,,,,,,,,,,,,,,,,,,,,,,,,,,,,,,,,,,,,
R_33shvl0nMa6oAU1,2,3,2,4,2,2,2,2,2,2,2,2,2,5,3,4,4,,,,,,,,,,,,,,,,,,,,,,,,,,,,,,,,,,,,,,,,,,,,,,,,,,,,,,,,,,,,,,,,,,,,,,,,,,,,,
R_6FE2FRnWnAWSy2h,2,2,2,3,2,2,2,2,2,2,2,2,2,3,2,2,3,,,,,,,,,,,,,,,,,,,,,,,,,,,,,,,,,,,,,,,,,,,,,,,,,,,,,,,,,,,,,,,,,,,,,,,,,,,,,
R_afM87BBlj4hFBBP,3,5,3,3,3,4,5,4,3,5,5,3,3,3,3,3,5,,,,,,,,,,,,,,,,,,,,,,,,,,,,,,,,,,,,,,,,,,,,,,,,,,,,,,,,,,,,,,,,,,,,,,,,,,,,,
R_1LTNWK0miT22HLW,1,2,1,3,1,1,1,6,1,1,1,1,2,4,2,3,3,,,,,,,,,,,,,,,,,,,,,,,,,,,,,,,,,,,,,,,,,,,,,,,,,,,,,,,,,,,,,,,,,,,,,,,,,,,,,
R_0D6qvIePgqBMuMt,2,4,5,3,3,5,5,5,3,5,4,3,5,3,4,3,4,,,,,,,,,,,,,,,,,,,,,,,,,,,,,,,,,,,,,,,,,,,,,,,,,,,,,,,,,,,,,,,,,,,,,,,,,,,,,
R_246Q9IoZldcWP1H,5,5,2,3,3,5,5,5,5,5,3,2,2,5,3,2,5,,,,,,,,,,,,,,,,,,,,,,,,,,,,,,,,,,,,,,,,,,,,,,,,,,,,,,,,,,,,,,,,,,,,,,,,,,,,,
R_1UnzIR2fdUZMRTf,3,4,4,3,4,3,5,6,5,3,5,2,3,4,5,4,3,,,,,,,,,,,,,,,,,,,,,,,,,,,,,,,,,,,,,,,,,,,,,,,,,,,,,,,,,,,,,,,,,,,,,,,,,,,,,
R_8GL1O0vXvupPwCp,2,5,3,3,1,3,3,5,3,5,2,3,1,6,6,6,5,,,,,,,,,,,,,,,,,,,,,,,,,,,,,,,,,,,,,,,,,,,,,,,,,,,,,,,,,,,,,,,,,,,,,,,,,,,,,
R_79z3Xa8CH3ng1kp,2,3,1,1,1,5,5,6,5,2,3,5,5,1,2,2,3,,,,,,,,,,,,,,,,,,,,,,,,,,,,,,,,,,,,,,,,,,,,,,,,,,,,,,,,,,,,,,,,,,,,,,,,,,,,,
R_2qCwxgVOaUtjlw3,5,3,6,3,2,1,5,7,4,2,1,2,5,3,6,6,6,,,,,,,,,,,,,,,,,,,,,,,,,,,,,,,,,,,,,,,,,,,,,,,,,,,,,,,,,,,,,,,,,,,,,,,,,,,,,
R_2Cwyh9OaysmfcO6,2,2,2,6,2,2,2,3,6,6,2,2,2,6,6,2,6,,,,,,,,,,,,,,,,,,,,,,,,,,,,,,,,,,,,,,,,,,,,,,,,,,,,,,,,,,,,,,,,,,,,,,,,,,,,,
R_ZsJ1EkMtRr0Z7jj,2,2,2,3,2,2,2,5,3,3,2,2,2,4,2,3,3,,,,,,,,,,,,,,,,,,,,,,,,,,,,,,,,,,,,,,,,,,,,,,,,,,,,,,,,,,,,,,,,,,,,,,,,,,,,,
R_R3MnTwKnjXrbrHP,1,2,1,1,2,3,1,6,1,2,2,2,2,6,1,1,2,,,,,,,,,,,,,,,,,,,,,,,,,,,,,,,,,,,,,,,,,,,,,,,,,,,,,,,,,,,,,,,,,,,,,,,,,,,,,
R_sXpCYOZwz9lBGwh,2,2,2,4,2,2,2,5,2,2,2,2,2,2,2,3,5,,,,,,,,,,,,,,,,,,,,,,,,,,,,,,,,,,,,,,,,,,,,,,,,,,,,,,,,,,,,,,,,,,,,,,,,,,,,,
R_elFFRabvDcVTZE9,1,3,2,3,2,3,2,4,3,2,1,1,1,3,2,3,3,,,,,,,,,,,,,,,,,,,,,,,,,,,,,,,,,,,,,,,,,,,,,,,,,,,,,,,,,,,,,,,,,,,,,,,,,,,,,
R_e5HPSQxPj5heGup,1,2,1,3,1,1,2,5,5,3,3,3,5,4,4,4,5,,,,,,,,,,,,,,,,,,,,,,,,,,,,,,,,,,,,,,,,,,,,,,,,,,,,,,,,,,,,,,,,,,,,,,,,,,,,,
R_bEg3hPY9hLVMel7,2,2,2,4,2,2,4,4,5,2,2,1,2,4,4,3,4,,,,,,,,,,,,,,,,,,,,,,,,,,,,,,,,,,,,,,,,,,,,,,,,,,,,,,,,,,,,,,,,,,,,,,,,,,,,,
R_3WdhiN6ba6KSKFL,1,4,3,6,2,6,3,5,6,5,3,2,1,6,6,5,6,,,,,,,,,,,,,,,,,,,,,,,,,,,,,,,,,,,,,,,,,,,,,,,,,,,,,,,,,,,,,,,,,,,,,,,,,,,,,
R_8B16vNC4qD3sSuV,1,2,2,5,1,2,2,2,2,2,1,1,2,5,3,3,5,,,,,,,,,,,,,,,,,,,,,,,,,,,,,,,,,,,,,,,,,,,,,,,,,,,,,,,,,,,,,,,,,,,,,,,,,,,,,
R_1RqOaVurl6ye2PP,2,3,2,4,3,3,2,3,5,3,2,3,3,5,2,4,5,,,,,,,,,,,,,,,,,,,,,,,,,,,,,,,,,,,,,,,,,,,,,,,,,,,,,,,,,,,,,,,,,,,,,,,,,,,,,
R_eVgIDV18oLyatbT,2,2,1,4,3,3,2,5,2,4,2,2,1,7,5,4,5,,,,,,,,,,,,,,,,,,,,,,,,,,,,,,,,,,,,,,,,,,,,,,,,,,,,,,,,,,,,,,,,,,,,,,,,,,,,,
R_4NJduxUr673Zui9,2,2,2,3,3,2,2,2,6,2,2,2,2,6,5,3,2,,,,,,,,,,,,,,,,,,,,,,,,,,,,,,,,,,,,,,,,,,,,,,,,,,,,,,,,,,,,,,,,,,,,,,,,,,,,,
R_6sP8UJAan2qzZCl,1,3,2,5,3,2,2,2,2,2,2,3,2,2,2,2,4,,,,,,,,,,,,,,,,,,,,,,,,,,,,,,,,,,,,,,,,,,,,,,,,,,,,,,,,,,,,,,,,,,,,,,,,,,,,,
R_3eoBbNnGqQDSKAh,2,2,2,3,2,6,6,6,6,5,5,4,5,3,3,4,5,,,,,,,,,,,,,,,,,,,,,,,,,,,,,,,,,,,,,,,,,,,,,,,,,,,,,,,,,,,,,,,,,,,,,,,,,,,,,
R_6X04dSKEkRNZqT3,3,4,4,5,2,5,5,5,4,5,4,5,3,5,4,4,5,,,,,,,,,,,,,,,,,,,,,,,,,,,,,,,,,,,,,,,,,,,,,,,,,,,,,,,,,,,,,,,,,,,,,,,,,,,,,
R_3GoVMiSBxuA2eFm,2,4,3,3,3,4,3,5,4,3,3,5,5,3,4,4,6,,,,,,,,,,,,,,,,,,,,,,,,,,,,,,,,,,,,,,,,,,,,,,,,,,,,,,,,,,,,,,,,,,,,,,,,,,,,,
R_30qV21iLgHa1EWN,2,4,1,3,1,2,1,4,1,1,2,6,3,4,4,6,5,,,,,,,,,,,,,,,,,,,,,,,,,,,,,,,,,,,,,,,,,,,,,,,,,,,,,,,,,,,,,,,,,,,,,,,,,,,,,
R_3HnbfPVoo1Zztlg,2,2,2,5,2,2,2,2,2,2,2,2,2,5,4,5,6,,,,,,,,,,,,,,,,,,,,,,,,,,,,,,,,,,,,,,,,,,,,,,,,,,,,,,,,,,,,,,,,,,,,,,,,,,,,,
R_1meHvKfPu4HdSd1,3,3,4,5,4,4,4,5,4,4,4,4,3,6,6,6,6,,,,,,,,,,,,,,,,,,,,,,,,,,,,,,,,,,,,,,,,,,,,,,,,,,,,,,,,,,,,,,,,,,,,,,,,,,,,,
R_vuDu2GW6yMQ6UZb,2,2,1,3,1,5,4,2,5,2,2,1,1,4,5,5,5,,,,,,,,,,,,,,,,,,,,,,,,,,,,,,,,,,,,,,,,,,,,,,,,,,,,,,,,,,,,,,,,,,,,,,,,,,,,,
R_dgmELP8Hs64yOTX,2,3,2,2,2,2,3,2,2,2,2,2,2,2,5,5,2,,,,,,,,,,,,,,,,,,,,,,,,,,,,,,,,,,,,,,,,,,,,,,,,,,,,,,,,,,,,,,,,,,,,,,,,,,,,,
R_86z92KDCz52c19P,2,1,1,2,1,5,5,5,5,2,3,2,2,1,1,1,1,,,,,,,,,,,,,,,,,,,,,,,,,,,,,,,,,,,,,,,,,,,,,,,,,,,,,,,,,,,,,,,,,,,,,,,,,,,,,
R_3GiVztW22OM8dUI,1,1,1,2,1,1,5,5,2,2,1,1,5,4,4,3,6,,,,,,,,,,,,,,,,,,,,,,,,,,,,,,,,,,,,,,,,,,,,,,,,,,,,,,,,,,,,,,,,,,,,,,,,,,,,,
R_aWCaTu0QUaZBSFn,1,3,1,2,2,3,2,3,3,1,3,2,2,3,2,5,4,,,,,,,,,,,,,,,,,,,,,,,,,,,,,,,,,,,,,,,,,,,,,,,,,,,,,,,,,,,,,,,,,,,,,,,,,,,,,
R_4Z8M45vF1FdfXXn,2,5,2,2,2,2,2,5,3,3,2,2,2,6,6,6,6,,,,,,,,,,,,,,,,,,,,,,,,,,,,,,,,,,,,,,,,,,,,,,,,,,,,,,,,,,,,,,,,,,,,,,,,,,,,,
R_6WmmkRsSdp8Nm7z,1,5,2,2,2,3,3,5,4,4,3,3,2,4,4,4,4,,,,,,,,,,,,,,,,,,,,,,,,,,,,,,,,,,,,,,,,,,,,,,,,,,,,,,,,,,,,,,,,,,,,,,,,,,,,,